Workbook

Sheet Payroll Rec
A1: Pay Period | B1: Period Start | C1: Period End | D1: Gross Payroll (GL) | E1: Gross Payroll (Payroll System) | F1: Difference | G1: Employee Deferrals (GL) | H1: Employee Deferrals (Payroll System) | I1: Difference | J1: Employer Contribution (GL) | K1: Employer Contribution (Payroll System) | L1: Difference | M1: Notes
A2: 2025-01 | B2: 2025-01-01 | C2: 2025-01-15 | F2: =B4-C4 | I2: =H4-I4 | L2: =K4-L4
A3: 2025-02 | B3: 2025-01-16 | C3: 2025-01-31 | F3: =B5-C5 | I3: =H5-I5 | L3: =K5-L5
A4: 2025-03 | B4: 2025-02-01 | C4: 2025-02-15 | F4: =B6-C6 | I4: =H6-I6 | L4: =K6-L6
A5: 2025-04 | B5: 2025-02-16 | C5: 2025-02-28 | F5: =B7-C7 | I5: =H7-I7 | L5: =K7-L7

Sheet Summary
A1: Category | B1: Total (GL) | C1: Total (Payroll System) | D1: Variance | E1: Variance % | F1: Reconciled?
A2: Gross Payroll | B2: =SUM('Payroll Rec'!B4:B7) | C2: =SUM('Payroll Rec'!C4:C7) | D2: =B2-C2 | E2: =IF(C2=0,0,D2/C2)
A3: Employee Deferrals | B3: =SUM('Payroll Rec'!H4:H7) | C3: =SUM('Payroll Rec'!I4:I7) | D3: =B3-C3 | E3: =IF(C3=0,0,D3/C3)
A4: Employer Contribution | B4: =SUM('Payroll Rec'!K4:K7) | C4: =SUM('Payroll Rec'!L4:L7) | D4: =B4-C4 | E4: =IF(C4=0,0,D4/C4)
