Workbook

Sheet Assumptions
A1: Input | B1: Value | C1: Source / Note
A2: Class period start | B2: 2021-06-01 | C2: 3-yr lookback from anticipated filing date under applicable statute
A3: Class period end | B3: 2024-12-31 | C3: Conditional certification cutoff, subject to court order
A4: Putative class size | B4: 214 | C4: Driver roster pull, per HR headcount export - unaudited; per-diem/seasonal driver exclusion still under review. Audit request to HR remains outstanding as of this review cycle - no return date given; needs direct follow-up.
A5: Average hourly rate | B5: 22.75 | C5: Payroll data, blended across class
A6: Avg missed meal breaks per driver per week | B6: 1.8 | C6: Plaintiff counsel's allegation. Partial telematics/time-and-attendance sample now received for one depot (approx. 15% of class); preliminary review suggests actual rate may run lower, but sample is too small to substitute for the pleaded figure. Retained 1.8 as the modeling input pending full data set. No additional depot data has come in since last review.
A7: Weeks worked per driver per year (avg) | B7: 47 | C7: Payroll data, net of leave
A8: Premium owed per missed break | B8: 22.75 | C8: One hour of pay at regular rate, per state meal-break premium statute
A9: Liquidated damages multiplier - low scenario | B9: 1 | C9: No liquidated damages awarded
A10: Liquidated damages multiplier - mid scenario | B10: 1.5 | C10: Partial willfulness finding
A11: Liquidated damages multiplier - high scenario | B11: 2 | C11: Full willfulness / bad-faith finding
A12: PAGA-style penalty per pay period (if applicable) - initial | B12: 100 | C12: Statutory default, first violation
A13: PAGA-style penalty per pay period (if applicable) - subsequent | B13: 200 | C13: Statutory default, subsequent violations
A14: Pay periods per year | B14: 26 | C14: Biweekly payroll cycle
A15: Single-depot headcount share (for decertification sensitivity) | B15: 0.15 | C15: Approximate share of putative class attributable to the depot with partial time-and-attendance data; used only for the sensitivity check on the Notes tab, not yet built into Core Exposure

Sheet Core Exposure
A1: Scenario | B1: Class Size | C1: Weeks in Period | D1: Missed Breaks/Wk | E1: Premium/Break | F1: Base Exposure | G1: LD Multiplier | H1: Total Exposure
A2: Low | B2: 214 | C2: =47*3.58 | D2: 1.8 | E2: 22.75 | F2: =B2*C2*D2*E2 | G2: 1 | H2: =F2*G2
A3: Mid | B3: 214 | C3: =47*3.58 | D3: 1.8 | E3: 22.75 | F3: =B3*C3*D3*E3 | G3: 1.5 | H3: =F3*G3
A4: High | B4: 214 | C4: =47*3.58 | D4: 1.8 | E4: 22.75 | F4: =B4*C4*D4*E4 | G4: 2 | H4: =F4*G4
A5: Low - single depot sensitivity (if class narrowed) | B5: =214*0.15 | C5: =47*3.58 | D5: 1.8 | E5: 22.75 | F5: =B5*C5*D5*E5 | G5: 1 | H5: =F5*G5

Sheet PAGA-style Penalty Overlay
A1: Scenario | B1: Pay Periods (3.5 yrs) | C1: Class Size | D1: Initial Penalty | E1: Subsequent Penalty | F1: Penalty Exposure | G1: Notes
A2: Conservative (initial only, no stacking) | B2: 91 | C2: 214 | D2: 100 | E2: 0 | F2: =B2*C2*D2 | G2: Assumes court treats each period as a first violation; unlikely but bounds the floor
A3: Aggressive (subsequent from period 2 on) | B3: 91 | C3: 214 | D3: 100 | E3: 200 | F3: =(D3*C3)+((B3-1)*C3*E3) | G3: Matches plaintiff's likely pleading theory

Sheet Combined Scenario Summary
A1: Scenario | B1: Meal-Break Exposure | C1: Penalty Overlay (Low/High) | D1: Combined Low | E1: Combined High
A2: Low / Conservative | B2: ='Core Exposure'!H2 | C2: ='PAGA-style Penalty Overlay'!F2 | D2: =B2+C2 | E2: =B2+'PAGA-style Penalty Overlay'!F3
A3: Mid | B3: ='Core Exposure'!H3 | C3: ='PAGA-style Penalty Overlay'!F2 | D3: =B3+C3 | E3: =B3+'PAGA-style Penalty Overlay'!F3
A4: High / Aggressive | B4: ='Core Exposure'!H4 | C4: ='PAGA-style Penalty Overlay'!F3 | D4: =B4+C4 | E4: =B4+'PAGA-style Penalty Overlay'!F3

Sheet Notes for Reviewer
A1: Item | B1: Detail
A2: Class size | B2: Roster pull is unaudited. Arguably overstates the class if per-diem and seasonal drivers are excluded on a motion for decertification. HR audit request remains outstanding as of this review cycle, with no return date given. Escalating to a direct follow-up with HR rather than a further passive request - action item for next cycle.
A3: Missed-break rate | B3: 1.8/week remains plaintiff's number, taken from the complaint. We still have only the one partial time-and-attendance sample (one depot, ~15% of class), which arguably runs lower than the pleaded rate, but the sample is too thin to justify replacing the model input. No additional depots have reported data since the last cycle. Treat every output on this tab as a ceiling, not a forecast, until the full data set is in.
A4: Conditional certification | B4: Model assumes the class as pled survives conditional certification intact. Single-depot sensitivity row on the Core Exposure tab still reflects the ~15% headcount share for the depot with data in hand; this remains illustrative only and not a substitute for a full depot-by-depot breakdown, which we still do not have.
A5: Willfulness | B5: Mid scenario remains our working assumption for reserve purposes. Review of the timekeeping policy history is ongoing; no findings yet, and no change to the willfulness assumption pending that review.
A6: Status | B6: Reviewed at the employment practice huddle; no substantive change to the underlying data since the last cycle. No changes to scenario structure or formulas. Open items - HR roster audit (now flagged for direct follow-up) and depot-by-depot data (still outstanding, no new depots reporting) - carry forward to the next revision. Model outputs should continue to be read as ceilings pending resolution of both.
